"No.","Time","Source","Destination","Protocol","Length","Info"
"1","12:46:38.687989050","10.0.0.1","10.0.0.6","TCP","70","33262  >  12345 [PSH, ACK] Seq=1 Ack=1 Win=83 Len=4 TSval=1296910117 TSecr=2029465555"
"2","12:46:38.688016357","10.0.0.6","10.0.0.1","TCP","66","12345  >  33262 [ACK] Seq=1 Ack=5 Win=85 Len=0 TSval=2029467770 TSecr=1296910117"
"3","12:46:38.688030994","10.0.0.1","10.0.0.6","TCP","70","33262  >  12345 [PSH, ACK] Seq=5 Ack=1 Win=83 Len=4 TSval=1296910117 TSecr=2029467770"
"4","12:46:38.688039540","10.0.0.6","10.0.0.1","TCP","66","12345  >  33262 [ACK] Seq=1 Ack=9 Win=85 Len=0 TSval=2029467770 TSecr=1296910117"
"5","12:46:38.688048732","10.0.0.1","10.0.0.6","TCP","67","33262  >  12345 [PSH, ACK] Seq=9 Ack=1 Win=83 Len=1 TSval=1296910117 TSecr=2029467770"
"6","12:46:38.688055220","10.0.0.6","10.0.0.1","TCP","66","12345  >  33262 [ACK] Seq=1 Ack=10 Win=85 Len=0 TSval=2029467770 TSecr=1296910117"
"7","12:46:38.688062575","10.0.0.1","10.0.0.6","TCP","92","33262  >  12345 [PSH, ACK] Seq=10 Ack=1 Win=83 Len=26 TSval=1296910117 TSecr=2029467770"
"8","12:46:38.688068499","10.0.0.6","10.0.0.1","TCP","66","12345  >  33262 [ACK] Seq=1 Ack=36 Win=85 Len=0 TSval=2029467770 TSecr=1296910117"
"9","12:46:40.909262165","10.0.0.6","10.0.0.1","TCP","70","12345  >  33262 [PSH, ACK] Seq=1 Ack=36 Win=85 Len=4 TSval=2029469991 TSecr=1296910117"
"10","12:46:40.909282020","10.0.0.1","10.0.0.6","TCP","66","33262  >  12345 [ACK] Seq=36 Ack=5 Win=83 Len=0 TSval=1296912338 TSecr=2029469991"
"11","12:46:40.909298537","10.0.0.6","10.0.0.1","TCP","70","12345  >  33262 [PSH, ACK] Seq=5 Ack=36 Win=85 Len=4 TSval=2029469991 TSecr=1296912338"
"12","12:46:40.909304259","10.0.0.1","10.0.0.6","TCP","66","33262  >  12345 [ACK] Seq=36 Ack=9 Win=83 Len=0 TSval=1296912338 TSecr=2029469991"
"13","12:46:40.909314608","10.0.0.6","10.0.0.1","TCP","67","12345  >  33262 [PSH, ACK] Seq=9 Ack=36 Win=85 Len=1 TSval=2029469991 TSecr=1296912338"
"14","12:46:40.909319212","10.0.0.1","10.0.0.6","TCP","66","33262  >  12345 [ACK] Seq=36 Ack=10 Win=83 Len=0 TSval=1296912338 TSecr=2029469991"
"15","12:46:40.909328386","10.0.0.6","10.0.0.1","TCP","90","12345  >  33262 [PSH, ACK] Seq=10 Ack=36 Win=85 Len=24 TSval=2029469991 TSecr=1296912338"
"16","12:46:40.909332694","10.0.0.1","10.0.0.6","TCP","66","33262  >  12345 [ACK] Seq=36 Ack=34 Win=83 Len=0 TSval=1296912338 TSecr=2029469991"
"17","12:46:43.137433800","10.0.0.1","10.0.0.6","TCP","70","33262  >  12345 [PSH, ACK] Seq=36 Ack=34 Win=83 Len=4 TSval=1296914566 TSecr=2029469991"
"18","12:46:43.137469564","10.0.0.6","10.0.0.1","TCP","66","12345  >  33262 [ACK] Seq=34 Ack=40 Win=85 Len=0 TSval=2029472219 TSecr=1296914566"
"19","12:46:43.137487342","10.0.0.1","10.0.0.6","TCP","70","33262  >  12345 [PSH, ACK] Seq=40 Ack=34 Win=83 Len=4 TSval=1296914566 TSecr=2029472219"
"20","12:46:43.137494774","10.0.0.6","10.0.0.1","TCP","66","12345  >  33262 [ACK] Seq=34 Ack=44 Win=85 Len=0 TSval=2029472219 TSecr=1296914566"
"21","12:46:43.137503451","10.0.0.1","10.0.0.6","TCP","67","33262  >  12345 [PSH, ACK] Seq=44 Ack=34 Win=83 Len=1 TSval=1296914566 TSecr=2029472219"
"22","12:46:43.137509590","10.0.0.6","10.0.0.1","TCP","66","12345  >  33262 [ACK] Seq=34 Ack=45 Win=85 Len=0 TSval=2029472219 TSecr=1296914566"
"23","12:46:43.137517284","10.0.0.1","10.0.0.6","TCP","92","33262  >  12345 [PSH, ACK] Seq=45 Ack=34 Win=83 Len=26 TSval=1296914566 TSecr=2029472219"
"24","12:46:43.137523966","10.0.0.6","10.0.0.1","TCP","66","12345  >  33262 [ACK] Seq=34 Ack=71 Win=85 Len=0 TSval=2029472219 TSecr=1296914566"
"25","12:46:45.354922508","10.0.0.6","10.0.0.1","TCP","70","12345  >  33262 [PSH, ACK] Seq=34 Ack=71 Win=85 Len=4 TSval=2029474437 TSecr=1296914566"
"26","12:46:45.354943033","10.0.0.1","10.0.0.6","TCP","66","33262  >  12345 [ACK] Seq=71 Ack=38 Win=83 Len=0 TSval=1296916784 TSecr=2029474437"
"27","12:46:45.354965818","10.0.0.6","10.0.0.1","TCP","70","12345  >  33262 [PSH, ACK] Seq=38 Ack=71 Win=85 Len=4 TSval=2029474437 TSecr=1296916784"
"28","12:46:45.354971688","10.0.0.1","10.0.0.6","TCP","66","33262  >  12345 [ACK] Seq=71 Ack=42 Win=83 Len=0 TSval=1296916784 TSecr=2029474437"
"29","12:46:45.354982143","10.0.0.6","10.0.0.1","TCP","67","12345  >  33262 [PSH, ACK] Seq=42 Ack=71 Win=85 Len=1 TSval=2029474437 TSecr=1296916784"
"30","12:46:45.354986773","10.0.0.1","10.0.0.6","TCP","66","33262  >  12345 [ACK] Seq=71 Ack=43 Win=83 Len=0 TSval=1296916784 TSecr=2029474437"
"31","12:46:45.354995619","10.0.0.6","10.0.0.1","TCP","90","12345  >  33262 [PSH, ACK] Seq=43 Ack=71 Win=85 Len=24 TSval=2029474437 TSecr=1296916784"
"32","12:46:45.354999860","10.0.0.1","10.0.0.6","TCP","66","33262  >  12345 [ACK] Seq=71 Ack=67 Win=83 Len=0 TSval=1296916784 TSecr=2029474437"
"33","12:46:47.585224619","10.0.0.1","10.0.0.6","TCP","70","33262  >  12345 [PSH, ACK] Seq=71 Ack=67 Win=83 Len=4 TSval=1296919014 TSecr=2029474437"
"34","12:46:47.585256173","10.0.0.6","10.0.0.1","TCP","66","12345  >  33262 [ACK] Seq=67 Ack=75 Win=85 Len=0 TSval=2029476667 TSecr=1296919014"
"35","12:46:47.585283685","10.0.0.1","10.0.0.6","TCP","70","33262  >  12345 [PSH, ACK] Seq=75 Ack=67 Win=83 Len=4 TSval=1296919014 TSecr=2029476667"
"36","12:46:47.585297597","10.0.0.6","10.0.0.1","TCP","66","12345  >  33262 [ACK] Seq=67 Ack=79 Win=85 Len=0 TSval=2029476667 TSecr=1296919014"
"37","12:46:47.585307914","10.0.0.1","10.0.0.6","TCP","67","33262  >  12345 [PSH, ACK] Seq=79 Ack=67 Win=83 Len=1 TSval=1296919014 TSecr=2029476667"
"38","12:46:47.585319956","10.0.0.6","10.0.0.1","TCP","66","12345  >  33262 [ACK] Seq=67 Ack=80 Win=85 Len=0 TSval=2029476667 TSecr=1296919014"
"39","12:46:47.585328954","10.0.0.1","10.0.0.6","TCP","92","33262  >  12345 [PSH, ACK] Seq=80 Ack=67 Win=83 Len=26 TSval=1296919014 TSecr=2029476667"
"40","12:46:47.585335336","10.0.0.6","10.0.0.1","TCP","66","12345  >  33262 [ACK] Seq=67 Ack=106 Win=85 Len=0 TSval=2029476667 TSecr=1296919014"
"41","12:46:49.800626920","10.0.0.6","10.0.0.1","TCP","70","12345  >  33262 [PSH, ACK] Seq=67 Ack=106 Win=85 Len=4 TSval=2029478882 TSecr=1296919014"
"42","12:46:49.800644653","10.0.0.1","10.0.0.6","TCP","66","33262  >  12345 [ACK] Seq=106 Ack=71 Win=83 Len=0 TSval=1296921229 TSecr=2029478882"
"43","12:46:49.800658312","10.0.0.6","10.0.0.1","TCP","70","12345  >  33262 [PSH, ACK] Seq=71 Ack=106 Win=85 Len=4 TSval=2029478882 TSecr=1296921229"
"44","12:46:49.800663526","10.0.0.1","10.0.0.6","TCP","66","33262  >  12345 [ACK] Seq=106 Ack=75 Win=83 Len=0 TSval=1296921229 TSecr=2029478882"
"45","12:46:49.800672658","10.0.0.6","10.0.0.1","TCP","67","12345  >  33262 [PSH, ACK] Seq=75 Ack=106 Win=85 Len=1 TSval=2029478882 TSecr=1296921229"
"46","12:46:49.800677104","10.0.0.1","10.0.0.6","TCP","66","33262  >  12345 [ACK] Seq=106 Ack=76 Win=83 Len=0 TSval=1296921229 TSecr=2029478882"
"47","12:46:49.800685898","10.0.0.6","10.0.0.1","TCP","90","12345  >  33262 [PSH, ACK] Seq=76 Ack=106 Win=85 Len=24 TSval=2029478882 TSecr=1296921229"
"48","12:46:49.800690184","10.0.0.1","10.0.0.6","TCP","66","33262  >  12345 [ACK] Seq=106 Ack=100 Win=83 Len=0 TSval=1296921229 TSecr=2029478882"
"49","12:46:52.014793309","10.0.0.1","10.0.0.6","TCP","70","33262  >  12345 [PSH, ACK] Seq=106 Ack=100 Win=83 Len=4 TSval=1296923443 TSecr=2029478882"
"50","12:46:52.014820589","10.0.0.6","10.0.0.1","TCP","66","12345  >  33262 [ACK] Seq=100 Ack=110 Win=85 Len=0 TSval=2029481096 TSecr=1296923443"
"51","12:46:52.014834972","10.0.0.1","10.0.0.6","TCP","70","33262  >  12345 [PSH, ACK] Seq=110 Ack=100 Win=83 Len=4 TSval=1296923444 TSecr=2029481096"
"52","12:46:52.014842833","10.0.0.6","10.0.0.1","TCP","66","12345  >  33262 [ACK] Seq=100 Ack=114 Win=85 Len=0 TSval=2029481097 TSecr=1296923444"
"53","12:46:52.014851513","10.0.0.1","10.0.0.6","TCP","67","33262  >  12345 [PSH, ACK] Seq=114 Ack=100 Win=83 Len=1 TSval=1296923444 TSecr=2029481097"
"54","12:46:52.014857643","10.0.0.6","10.0.0.1","TCP","66","12345  >  33262 [ACK] Seq=100 Ack=115 Win=85 Len=0 TSval=2029481097 TSecr=1296923444"
"55","12:46:52.014865120","10.0.0.1","10.0.0.6","TCP","92","33262  >  12345 [PSH, ACK] Seq=115 Ack=100 Win=83 Len=26 TSval=1296923444 TSecr=2029481097"
"56","12:46:52.014871120","10.0.0.6","10.0.0.1","TCP","66","12345  >  33262 [ACK] Seq=100 Ack=141 Win=85 Len=0 TSval=2029481097 TSecr=1296923444"
"57","12:46:54.235862612","10.0.0.6","10.0.0.1","TCP","70","12345  >  33262 [PSH, ACK] Seq=100 Ack=141 Win=85 Len=4 TSval=2029483318 TSecr=1296923444"
"58","12:46:54.235883055","10.0.0.1","10.0.0.6","TCP","66","33262  >  12345 [ACK] Seq=141 Ack=104 Win=83 Len=0 TSval=1296925665 TSecr=2029483318"
"59","12:46:54.235897934","10.0.0.6","10.0.0.1","TCP","70","12345  >  33262 [PSH, ACK] Seq=104 Ack=141 Win=85 Len=4 TSval=2029483318 TSecr=1296925665"
"60","12:46:54.235903416","10.0.0.1","10.0.0.6","TCP","66","33262  >  12345 [ACK] Seq=141 Ack=108 Win=83 Len=0 TSval=1296925665 TSecr=2029483318"
"61","12:46:54.235913117","10.0.0.6","10.0.0.1","TCP","67","12345  >  33262 [PSH, ACK] Seq=108 Ack=141 Win=85 Len=1 TSval=2029483318 TSecr=1296925665"
"62","12:46:54.235917638","10.0.0.1","10.0.0.6","TCP","66","33262  >  12345 [ACK] Seq=141 Ack=109 Win=83 Len=0 TSval=1296925665 TSecr=2029483318"
"63","12:46:54.235926718","10.0.0.6","10.0.0.1","TCP","90","12345  >  33262 [PSH, ACK] Seq=109 Ack=141 Win=85 Len=24 TSval=2029483318 TSecr=1296925665"
"64","12:46:54.235930973","10.0.0.1","10.0.0.6","TCP","66","33262  >  12345 [ACK] Seq=141 Ack=133 Win=83 Len=0 TSval=1296925665 TSecr=2029483318"
"65","12:46:56.491593011","10.0.0.1","10.0.0.6","TCP","70","33262  >  12345 [PSH, ACK] Seq=141 Ack=133 Win=83 Len=4 TSval=1296927920 TSecr=2029483318"
"66","12:46:56.491622582","10.0.0.6","10.0.0.1","TCP","66","12345  >  33262 [ACK] Seq=133 Ack=145 Win=85 Len=0 TSval=2029485573 TSecr=1296927920"
"67","12:46:56.491638003","10.0.0.1","10.0.0.6","TCP","70","33262  >  12345 [PSH, ACK] Seq=145 Ack=133 Win=83 Len=4 TSval=1296927920 TSecr=2029485573"
"68","12:46:56.491646030","10.0.0.6","10.0.0.1","TCP","66","12345  >  33262 [ACK] Seq=133 Ack=149 Win=85 Len=0 TSval=2029485573 TSecr=1296927920"
"69","12:46:56.491655267","10.0.0.1","10.0.0.6","TCP","67","33262  >  12345 [PSH, ACK] Seq=149 Ack=133 Win=83 Len=1 TSval=1296927920 TSecr=2029485573"
"70","12:46:56.491661291","10.0.0.6","10.0.0.1","TCP","66","12345  >  33262 [ACK] Seq=133 Ack=150 Win=85 Len=0 TSval=2029485573 TSecr=1296927920"
"71","12:46:56.491668384","10.0.0.1","10.0.0.6","TCP","92","33262  >  12345 [PSH, ACK] Seq=150 Ack=133 Win=83 Len=26 TSval=1296927920 TSecr=2029485573"
"72","12:46:56.491674262","10.0.0.6","10.0.0.1","TCP","66","12345  >  33262 [ACK] Seq=133 Ack=176 Win=85 Len=0 TSval=2029485573 TSecr=1296927920"
"73","12:46:58.707727081","10.0.0.6","10.0.0.1","TCP","70","12345  >  33262 [PSH, ACK] Seq=133 Ack=176 Win=85 Len=4 TSval=2029487789 TSecr=1296927920"
"74","12:46:58.707746771","10.0.0.1","10.0.0.6","TCP","66","33262  >  12345 [ACK] Seq=176 Ack=137 Win=83 Len=0 TSval=1296930136 TSecr=2029487789"
"75","12:46:58.707762955","10.0.0.6","10.0.0.1","TCP","70","12345  >  33262 [PSH, ACK] Seq=137 Ack=176 Win=85 Len=4 TSval=2029487789 TSecr=1296930136"
"76","12:46:58.707768909","10.0.0.1","10.0.0.6","TCP","66","33262  >  12345 [ACK] Seq=176 Ack=141 Win=83 Len=0 TSval=1296930136 TSecr=2029487789"
"77","12:46:58.707778877","10.0.0.6","10.0.0.1","TCP","67","12345  >  33262 [PSH, ACK] Seq=141 Ack=176 Win=85 Len=1 TSval=2029487789 TSecr=1296930136"
"78","12:46:58.707783465","10.0.0.1","10.0.0.6","TCP","66","33262  >  12345 [ACK] Seq=176 Ack=142 Win=83 Len=0 TSval=1296930136 TSecr=2029487789"
"79","12:46:58.707792225","10.0.0.6","10.0.0.1","TCP","90","12345  >  33262 [PSH, ACK] Seq=142 Ack=176 Win=85 Len=24 TSval=2029487789 TSecr=1296930136"
"80","12:46:58.707796466","10.0.0.1","10.0.0.6","TCP","66","33262  >  12345 [ACK] Seq=176 Ack=166 Win=83 Len=0 TSval=1296930136 TSecr=2029487789"
"81","12:47:00.059726748","fe80::10f5:41ff:fecd:4069","ff02::2","ICMPv6","70","Router Solicitation from 12:f5:41:cd:40:69"
"82","12:47:00.935721755","10.0.0.1","10.0.0.6","TCP","70","33262  >  12345 [PSH, ACK] Seq=176 Ack=166 Win=83 Len=4 TSval=1296932364 TSecr=2029487789"
"83","12:47:00.935752528","10.0.0.6","10.0.0.1","TCP","66","12345  >  33262 [ACK] Seq=166 Ack=180 Win=85 Len=0 TSval=2029490017 TSecr=1296932364"
"84","12:47:00.935767815","10.0.0.1","10.0.0.6","TCP","70","33262  >  12345 [PSH, ACK] Seq=180 Ack=166 Win=83 Len=4 TSval=1296932364 TSecr=2029490017"
"85","12:47:00.935775865","10.0.0.6","10.0.0.1","TCP","66","12345  >  33262 [ACK] Seq=166 Ack=184 Win=85 Len=0 TSval=2029490017 TSecr=1296932364"
"86","12:47:00.935785131","10.0.0.1","10.0.0.6","TCP","67","33262  >  12345 [PSH, ACK] Seq=184 Ack=166 Win=83 Len=1 TSval=1296932364 TSecr=2029490017"
"87","12:47:00.935791769","10.0.0.6","10.0.0.1","TCP","66","12345  >  33262 [ACK] Seq=166 Ack=185 Win=85 Len=0 TSval=2029490017 TSecr=1296932364"
"88","12:47:00.935799382","10.0.0.1","10.0.0.6","TCP","92","33262  >  12345 [PSH, ACK] Seq=185 Ack=166 Win=83 Len=26 TSval=1296932364 TSecr=2029490017"
"89","12:47:00.935805724","10.0.0.6","10.0.0.1","TCP","66","12345  >  33262 [ACK] Seq=166 Ack=211 Win=85 Len=0 TSval=2029490017 TSecr=1296932364"
"90","12:47:02.107683094","fe80::3c28:b9ff:fe0d:3450","ff02::2","ICMPv6","70","Router Solicitation from 3e:28:b9:0d:34:50"
"91","12:47:03.171542075","10.0.0.6","10.0.0.1","TCP","70","12345  >  33262 [PSH, ACK] Seq=166 Ack=211 Win=85 Len=4 TSval=2029492253 TSecr=1296932364"
"92","12:47:03.171574269","10.0.0.1","10.0.0.6","TCP","66","33262  >  12345 [ACK] Seq=211 Ack=170 Win=83 Len=0 TSval=1296934600 TSecr=2029492253"
"93","12:47:03.171593657","10.0.0.6","10.0.0.1","TCP","70","12345  >  33262 [PSH, ACK] Seq=170 Ack=211 Win=85 Len=4 TSval=2029492253 TSecr=1296934600"
"94","12:47:03.171600622","10.0.0.1","10.0.0.6","TCP","66","33262  >  12345 [ACK] Seq=211 Ack=174 Win=83 Len=0 TSval=1296934600 TSecr=2029492253"
"95","12:47:03.171611251","10.0.0.6","10.0.0.1","TCP","67","12345  >  33262 [PSH, ACK] Seq=174 Ack=211 Win=85 Len=1 TSval=2029492253 TSecr=1296934600"
"96","12:47:03.171615907","10.0.0.1","10.0.0.6","TCP","66","33262  >  12345 [ACK] Seq=211 Ack=175 Win=83 Len=0 TSval=1296934600 TSecr=2029492253"
"97","12:47:03.171624850","10.0.0.6","10.0.0.1","TCP","90","12345  >  33262 [PSH, ACK] Seq=175 Ack=211 Win=85 Len=24 TSval=2029492253 TSecr=1296934600"
"98","12:47:03.171629183","10.0.0.1","10.0.0.6","TCP","66","33262  >  12345 [ACK] Seq=211 Ack=199 Win=83 Len=0 TSval=1296934600 TSecr=2029492253"
"99","12:47:04.155753311","fe80::50c3:49ff:fe7b:c916","ff02::2","ICMPv6","70","Router Solicitation from 52:c3:49:7b:c9:16"
"100","12:47:04.155793895","fe80::60aa:15ff:fe75:f3ce","ff02::2","ICMPv6","70","Router Solicitation from 62:aa:15:75:f3:ce"
"101","12:47:04.155806654","fe80::7c4e:39ff:fe39:b923","ff02::2","ICMPv6","70","Router Solicitation from 7e:4e:39:39:b9:23"
"102","12:47:04.155919258","fe80::8880:58ff:fee8:9eda","ff02::2","ICMPv6","70","Router Solicitation from 8a:80:58:e8:9e:da"
"103","12:47:05.404078670","10.0.0.1","10.0.0.6","TCP","70","33262  >  12345 [PSH, ACK] Seq=211 Ack=199 Win=83 Len=4 TSval=1296936833 TSecr=2029492253"
"104","12:47:05.404106029","10.0.0.6","10.0.0.1","TCP","66","12345  >  33262 [ACK] Seq=199 Ack=215 Win=85 Len=0 TSval=2029494486 TSecr=1296936833"
"105","12:47:05.404126994","10.0.0.1","10.0.0.6","TCP","70","33262  >  12345 [PSH, ACK] Seq=215 Ack=199 Win=83 Len=4 TSval=1296936833 TSecr=2029494486"
"106","12:47:05.404136080","10.0.0.6","10.0.0.1","TCP","66","12345  >  33262 [ACK] Seq=199 Ack=219 Win=85 Len=0 TSval=2029494486 TSecr=1296936833"
"107","12:47:05.404145281","10.0.0.1","10.0.0.6","TCP","67","33262  >  12345 [PSH, ACK] Seq=219 Ack=199 Win=83 Len=1 TSval=1296936833 TSecr=2029494486"
"108","12:47:05.404151711","10.0.0.6","10.0.0.1","TCP","66","12345  >  33262 [ACK] Seq=199 Ack=220 Win=85 Len=0 TSval=2029494486 TSecr=1296936833"
"109","12:47:05.404159087","10.0.0.1","10.0.0.6","TCP","92","33262  >  12345 [PSH, ACK] Seq=220 Ack=199 Win=83 Len=26 TSval=1296936833 TSecr=2029494486"
"110","12:47:05.404165218","10.0.0.6","10.0.0.1","TCP","66","12345  >  33262 [ACK] Seq=199 Ack=246 Win=85 Len=0 TSval=2029494486 TSecr=1296936833"
"111","12:47:07.628601153","10.0.0.6","10.0.0.1","TCP","70","12345  >  33262 [PSH, ACK] Seq=199 Ack=246 Win=85 Len=4 TSval=2029496710 TSecr=1296936833"
"112","12:47:07.628618528","10.0.0.1","10.0.0.6","TCP","66","33262  >  12345 [ACK] Seq=246 Ack=203 Win=83 Len=0 TSval=1296939057 TSecr=2029496710"
"113","12:47:07.628637567","10.0.0.6","10.0.0.1","TCP","70","12345  >  33262 [PSH, ACK] Seq=203 Ack=246 Win=85 Len=4 TSval=2029496710 TSecr=1296939057"
"114","12:47:07.628642986","10.0.0.1","10.0.0.6","TCP","66","33262  >  12345 [ACK] Seq=246 Ack=207 Win=83 Len=0 TSval=1296939057 TSecr=2029496710"
"115","12:47:07.628652857","10.0.0.6","10.0.0.1","TCP","67","12345  >  33262 [PSH, ACK] Seq=207 Ack=246 Win=85 Len=1 TSval=2029496710 TSecr=1296939057"
"116","12:47:07.628657297","10.0.0.1","10.0.0.6","TCP","66","33262  >  12345 [ACK] Seq=246 Ack=208 Win=83 Len=0 TSval=1296939057 TSecr=2029496710"
"117","12:47:07.628665865","10.0.0.6","10.0.0.1","TCP","90","12345  >  33262 [PSH, ACK] Seq=208 Ack=246 Win=85 Len=24 TSval=2029496710 TSecr=1296939057"
"118","12:47:07.628670168","10.0.0.1","10.0.0.6","TCP","66","33262  >  12345 [ACK] Seq=246 Ack=232 Win=83 Len=0 TSval=1296939057 TSecr=2029496710"
"119","12:47:08.251440957","fe80::9c06:38ff:fed4:cf","ff02::2","ICMPv6","70","Router Solicitation from 9e:06:38:d4:00:cf"
"120","12:47:09.841986810","10.0.0.1","10.0.0.6","TCP","70","33262  >  12345 [PSH, ACK] Seq=246 Ack=232 Win=83 Len=4 TSval=1296941271 TSecr=2029496710"
"121","12:47:09.842020196","10.0.0.6","10.0.0.1","TCP","66","12345  >  33262 [ACK] Seq=232 Ack=250 Win=85 Len=0 TSval=2029498924 TSecr=1296941271"
"122","12:47:09.842045172","10.0.0.1","10.0.0.6","TCP","70","33262  >  12345 [PSH, ACK] Seq=250 Ack=232 Win=83 Len=4 TSval=1296941271 TSecr=2029498924"
"123","12:47:09.842054228","10.0.0.6","10.0.0.1","TCP","66","12345  >  33262 [ACK] Seq=232 Ack=254 Win=85 Len=0 TSval=2029498924 TSecr=1296941271"
"124","12:47:09.842063809","10.0.0.1","10.0.0.6","TCP","67","33262  >  12345 [PSH, ACK] Seq=254 Ack=232 Win=83 Len=1 TSval=1296941271 TSecr=2029498924"
"125","12:47:09.842069987","10.0.0.6","10.0.0.1","TCP","66","12345  >  33262 [ACK] Seq=232 Ack=255 Win=85 Len=0 TSval=2029498924 TSecr=1296941271"
"126","12:47:09.842077395","10.0.0.1","10.0.0.6","TCP","92","33262  >  12345 [PSH, ACK] Seq=255 Ack=232 Win=83 Len=26 TSval=1296941271 TSecr=2029498924"
"127","12:47:09.842083407","10.0.0.6","10.0.0.1","TCP","66","12345  >  33262 [ACK] Seq=232 Ack=281 Win=85 Len=0 TSval=2029498924 TSecr=1296941271"
"128","12:47:12.063050490","10.0.0.6","10.0.0.1","TCP","70","12345  >  33262 [PSH, ACK] Seq=232 Ack=281 Win=85 Len=4 TSval=2029501145 TSecr=1296941271"
"129","12:47:12.063070994","10.0.0.1","10.0.0.6","TCP","66","33262  >  12345 [ACK] Seq=281 Ack=236 Win=83 Len=0 TSval=1296943492 TSecr=2029501145"
"130","12:47:12.063087332","10.0.0.6","10.0.0.1","TCP","70","12345  >  33262 [PSH, ACK] Seq=236 Ack=281 Win=85 Len=4 TSval=2029501145 TSecr=1296943492"
"131","12:47:12.063093234","10.0.0.1","10.0.0.6","TCP","66","33262  >  12345 [ACK] Seq=281 Ack=240 Win=83 Len=0 TSval=1296943492 TSecr=2029501145"
"132","12:47:12.063103289","10.0.0.6","10.0.0.1","TCP","67","12345  >  33262 [PSH, ACK] Seq=240 Ack=281 Win=85 Len=1 TSval=2029501145 TSecr=1296943492"
"133","12:47:12.063107574","10.0.0.1","10.0.0.6","TCP","66","33262  >  12345 [ACK] Seq=281 Ack=241 Win=83 Len=0 TSval=1296943492 TSecr=2029501145"
"134","12:47:12.063116566","10.0.0.6","10.0.0.1","TCP","90","12345  >  33262 [PSH, ACK] Seq=241 Ack=281 Win=85 Len=24 TSval=2029501145 TSecr=1296943492"
"135","12:47:12.063120716","10.0.0.1","10.0.0.6","TCP","66","33262  >  12345 [ACK] Seq=281 Ack=265 Win=83 Len=0 TSval=1296943492 TSecr=2029501145"
"136","12:47:12.347459948","fe80::3825:63ff:fe1a:a60","ff02::2","ICMPv6","70","Router Solicitation from 3a:25:63:1a:0a:60"
"137","12:47:14.279812690","10.0.0.1","10.0.0.6","TCP","70","33262  >  12345 [PSH, ACK] Seq=281 Ack=265 Win=83 Len=4 TSval=1296945708 TSecr=2029501145"
"138","12:47:14.279847210","10.0.0.6","10.0.0.1","TCP","66","12345  >  33262 [ACK] Seq=265 Ack=285 Win=85 Len=0 TSval=2029503362 TSecr=1296945708"
"139","12:47:14.279863577","10.0.0.1","10.0.0.6","TCP","70","33262  >  12345 [PSH, ACK] Seq=285 Ack=265 Win=83 Len=4 TSval=1296945709 TSecr=2029503362"
"140","12:47:14.279870853","10.0.0.6","10.0.0.1","TCP","66","12345  >  33262 [ACK] Seq=265 Ack=289 Win=85 Len=0 TSval=2029503362 TSecr=1296945709"
"141","12:47:14.279880162","10.0.0.1","10.0.0.6","TCP","67","33262  >  12345 [PSH, ACK] Seq=289 Ack=265 Win=83 Len=1 TSval=1296945709 TSecr=2029503362"
"142","12:47:14.279893371","10.0.0.6","10.0.0.1","TCP","66","12345  >  33262 [ACK] Seq=265 Ack=290 Win=85 Len=0 TSval=2029503362 TSecr=1296945709"
"143","12:47:14.279902363","10.0.0.1","10.0.0.6","TCP","92","33262  >  12345 [PSH, ACK] Seq=290 Ack=265 Win=83 Len=26 TSval=1296945709 TSecr=2029503362"
"144","12:47:14.279914693","10.0.0.6","10.0.0.1","TCP","66","12345  >  33262 [ACK] Seq=265 Ack=316 Win=85 Len=0 TSval=2029503362 TSecr=1296945709"
"145","12:47:16.499512968","10.0.0.6","10.0.0.1","TCP","70","12345  >  33262 [PSH, ACK] Seq=265 Ack=316 Win=85 Len=4 TSval=2029505581 TSecr=1296945709"
"146","12:47:16.499530181","10.0.0.1","10.0.0.6","TCP","66","33262  >  12345 [ACK] Seq=316 Ack=269 Win=83 Len=0 TSval=1296947928 TSecr=2029505581"
"147","12:47:16.499544364","10.0.0.6","10.0.0.1","TCP","70","12345  >  33262 [PSH, ACK] Seq=269 Ack=316 Win=85 Len=4 TSval=2029505581 TSecr=1296947928"
"148","12:47:16.499549583","10.0.0.1","10.0.0.6","TCP","66","33262  >  12345 [ACK] Seq=316 Ack=273 Win=83 Len=0 TSval=1296947928 TSecr=2029505581"
"149","12:47:16.499559410","10.0.0.6","10.0.0.1","TCP","67","12345  >  33262 [PSH, ACK] Seq=273 Ack=316 Win=85 Len=1 TSval=2029505581 TSecr=1296947928"
"150","12:47:16.499563782","10.0.0.1","10.0.0.6","TCP","66","33262  >  12345 [ACK] Seq=316 Ack=274 Win=83 Len=0 TSval=1296947928 TSecr=2029505581"
"151","12:47:16.499572342","10.0.0.6","10.0.0.1","TCP","90","12345  >  33262 [PSH, ACK] Seq=274 Ack=316 Win=85 Len=24 TSval=2029505581 TSecr=1296947928"
"152","12:47:16.499576650","10.0.0.1","10.0.0.6","TCP","66","33262  >  12345 [ACK] Seq=316 Ack=298 Win=83 Len=0 TSval=1296947928 TSecr=2029505581"
"153","12:47:18.790544013","10.0.0.1","10.0.0.6","TCP","70","33262  >  12345 [PSH, ACK] Seq=316 Ack=298 Win=83 Len=4 TSval=1296950219 TSecr=2029505581"
"154","12:47:18.790576522","10.0.0.6","10.0.0.1","TCP","66","12345  >  33262 [ACK] Seq=298 Ack=320 Win=85 Len=0 TSval=2029507872 TSecr=1296950219"
"155","12:47:18.790591573","10.0.0.1","10.0.0.6","TCP","70","33262  >  12345 [PSH, ACK] Seq=320 Ack=298 Win=83 Len=4 TSval=1296950219 TSecr=2029507872"
"156","12:47:18.790599655","10.0.0.6","10.0.0.1","TCP","66","12345  >  33262 [ACK] Seq=298 Ack=324 Win=85 Len=0 TSval=2029507872 TSecr=1296950219"
"157","12:47:18.790608540","10.0.0.1","10.0.0.6","TCP","67","33262  >  12345 [PSH, ACK] Seq=324 Ack=298 Win=83 Len=1 TSval=1296950219 TSecr=2029507872"
"158","12:47:18.790615145","10.0.0.6","10.0.0.1","TCP","66","12345  >  33262 [ACK] Seq=298 Ack=325 Win=85 Len=0 TSval=2029507872 TSecr=1296950219"
"159","12:47:18.790622882","10.0.0.1","10.0.0.6","TCP","92","33262  >  12345 [PSH, ACK] Seq=325 Ack=298 Win=83 Len=26 TSval=1296950219 TSecr=2029507872"
"160","12:47:18.790629009","10.0.0.6","10.0.0.1","TCP","66","12345  >  33262 [ACK] Seq=298 Ack=351 Win=85 Len=0 TSval=2029507872 TSecr=1296950219"
"161","12:47:21.018544090","10.0.0.6","10.0.0.1","TCP","70","12345  >  33262 [PSH, ACK] Seq=298 Ack=351 Win=85 Len=4 TSval=2029510100 TSecr=1296950219"
"162","12:47:21.018561693","10.0.0.1","10.0.0.6","TCP","66","33262  >  12345 [ACK] Seq=351 Ack=302 Win=83 Len=0 TSval=1296952447 TSecr=2029510100"
"163","12:47:21.018575471","10.0.0.6","10.0.0.1","TCP","70","12345  >  33262 [PSH, ACK] Seq=302 Ack=351 Win=85 Len=4 TSval=2029510100 TSecr=1296952447"
"164","12:47:21.018580975","10.0.0.1","10.0.0.6","TCP","66","33262  >  12345 [ACK] Seq=351 Ack=306 Win=83 Len=0 TSval=1296952447 TSecr=2029510100"
"165","12:47:21.018590389","10.0.0.6","10.0.0.1","TCP","67","12345  >  33262 [PSH, ACK] Seq=306 Ack=351 Win=85 Len=1 TSval=2029510100 TSecr=1296952447"
"166","12:47:21.018595014","10.0.0.1","10.0.0.6","TCP","66","33262  >  12345 [ACK] Seq=351 Ack=307 Win=83 Len=0 TSval=1296952447 TSecr=2029510100"
"167","12:47:21.018603828","10.0.0.6","10.0.0.1","TCP","90","12345  >  33262 [PSH, ACK] Seq=307 Ack=351 Win=85 Len=24 TSval=2029510100 TSecr=1296952447"
"168","12:47:21.018608190","10.0.0.1","10.0.0.6","TCP","66","33262  >  12345 [ACK] Seq=351 Ack=331 Win=83 Len=0 TSval=1296952447 TSecr=2029510100"
"169","12:47:23.254832671","10.0.0.1","10.0.0.6","TCP","70","33262  >  12345 [PSH, ACK] Seq=351 Ack=331 Win=83 Len=4 TSval=1296954683 TSecr=2029510100"
"170","12:47:23.254865025","10.0.0.6","10.0.0.1","TCP","66","12345  >  33262 [ACK] Seq=331 Ack=355 Win=85 Len=0 TSval=2029512337 TSecr=1296954683"
"171","12:47:23.254880625","10.0.0.1","10.0.0.6","TCP","70","33262  >  12345 [PSH, ACK] Seq=355 Ack=331 Win=83 Len=4 TSval=1296954684 TSecr=2029512337"
"172","12:47:23.254888737","10.0.0.6","10.0.0.1","TCP","66","12345  >  33262 [ACK] Seq=331 Ack=359 Win=85 Len=0 TSval=2029512337 TSecr=1296954684"
"173","12:47:23.254897666","10.0.0.1","10.0.0.6","TCP","67","33262  >  12345 [PSH, ACK] Seq=359 Ack=331 Win=83 Len=1 TSval=1296954684 TSecr=2029512337"
"174","12:47:23.254903691","10.0.0.6","10.0.0.1","TCP","66","12345  >  33262 [ACK] Seq=331 Ack=360 Win=85 Len=0 TSval=2029512337 TSecr=1296954684"
"175","12:47:23.254910991","10.0.0.1","10.0.0.6","TCP","92","33262  >  12345 [PSH, ACK] Seq=360 Ack=331 Win=83 Len=26 TSval=1296954684 TSecr=2029512337"
"176","12:47:23.254917080","10.0.0.6","10.0.0.1","TCP","66","12345  >  33262 [ACK] Seq=331 Ack=386 Win=85 Len=0 TSval=2029512337 TSecr=1296954684"
"177","12:47:25.485278544","10.0.0.6","10.0.0.1","TCP","70","12345  >  33262 [PSH, ACK] Seq=331 Ack=386 Win=85 Len=4 TSval=2029514567 TSecr=1296954684"
"178","12:47:25.485299964","10.0.0.1","10.0.0.6","TCP","66","33262  >  12345 [ACK] Seq=386 Ack=335 Win=83 Len=0 TSval=1296956914 TSecr=2029514567"
"179","12:47:25.485315770","10.0.0.6","10.0.0.1","TCP","70","12345  >  33262 [PSH, ACK] Seq=335 Ack=386 Win=85 Len=4 TSval=2029514567 TSecr=1296956914"
"180","12:47:25.485321379","10.0.0.1","10.0.0.6","TCP","66","33262  >  12345 [ACK] Seq=386 Ack=339 Win=83 Len=0 TSval=1296956914 TSecr=2029514567"
"181","12:47:25.485330940","10.0.0.6","10.0.0.1","TCP","67","12345  >  33262 [PSH, ACK] Seq=339 Ack=386 Win=85 Len=1 TSval=2029514567 TSecr=1296956914"
"182","12:47:25.485335391","10.0.0.1","10.0.0.6","TCP","66","33262  >  12345 [ACK] Seq=386 Ack=340 Win=83 Len=0 TSval=1296956914 TSecr=2029514567"
"183","12:47:25.485344230","10.0.0.6","10.0.0.1","TCP","90","12345  >  33262 [PSH, ACK] Seq=340 Ack=386 Win=85 Len=24 TSval=2029514567 TSecr=1296956914"
"184","12:47:25.485348476","10.0.0.1","10.0.0.6","TCP","66","33262  >  12345 [ACK] Seq=386 Ack=364 Win=83 Len=0 TSval=1296956914 TSecr=2029514567"
"185","12:47:27.712462870","10.0.0.1","10.0.0.6","TCP","70","33262  >  12345 [PSH, ACK] Seq=386 Ack=364 Win=83 Len=4 TSval=1296959141 TSecr=2029514567"
"186","12:47:27.712491784","10.0.0.6","10.0.0.1","TCP","66","12345  >  33262 [ACK] Seq=364 Ack=390 Win=85 Len=0 TSval=2029516794 TSecr=1296959141"
"187","12:47:27.712505682","10.0.0.1","10.0.0.6","TCP","70","33262  >  12345 [PSH, ACK] Seq=390 Ack=364 Win=83 Len=4 TSval=1296959141 TSecr=2029516794"
"188","12:47:27.712513596","10.0.0.6","10.0.0.1","TCP","66","12345  >  33262 [ACK] Seq=364 Ack=394 Win=85 Len=0 TSval=2029516794 TSecr=1296959141"
"189","12:47:27.712524740","10.0.0.1","10.0.0.6","TCP","67","33262  >  12345 [PSH, ACK] Seq=394 Ack=364 Win=83 Len=1 TSval=1296959141 TSecr=2029516794"
"190","12:47:27.712531172","10.0.0.6","10.0.0.1","TCP","66","12345  >  33262 [ACK] Seq=364 Ack=395 Win=85 Len=0 TSval=2029516794 TSecr=1296959141"
"191","12:47:27.712538348","10.0.0.1","10.0.0.6","TCP","92","33262  >  12345 [PSH, ACK] Seq=395 Ack=364 Win=83 Len=26 TSval=1296959141 TSecr=2029516794"
"192","12:47:27.712544689","10.0.0.6","10.0.0.1","TCP","66","12345  >  33262 [ACK] Seq=364 Ack=421 Win=85 Len=0 TSval=2029516794 TSecr=1296959141"
"193","12:47:29.952180155","10.0.0.6","10.0.0.1","TCP","70","12345  >  33262 [PSH, ACK] Seq=364 Ack=421 Win=85 Len=4 TSval=2029519034 TSecr=1296959141"
"194","12:47:29.952200125","10.0.0.1","10.0.0.6","TCP","66","33262  >  12345 [ACK] Seq=421 Ack=368 Win=83 Len=0 TSval=1296961381 TSecr=2029519034"
"195","12:47:29.952215938","10.0.0.6","10.0.0.1","TCP","70","12345  >  33262 [PSH, ACK] Seq=368 Ack=421 Win=85 Len=4 TSval=2029519034 TSecr=1296961381"
"196","12:47:29.952222168","10.0.0.1","10.0.0.6","TCP","66","33262  >  12345 [ACK] Seq=421 Ack=372 Win=83 Len=0 TSval=1296961381 TSecr=2029519034"
"197","12:47:29.952232239","10.0.0.6","10.0.0.1","TCP","67","12345  >  33262 [PSH, ACK] Seq=372 Ack=421 Win=85 Len=1 TSval=2029519034 TSecr=1296961381"
"198","12:47:29.952236735","10.0.0.1","10.0.0.6","TCP","66","33262  >  12345 [ACK] Seq=421 Ack=373 Win=83 Len=0 TSval=1296961381 TSecr=2029519034"
"199","12:47:29.952245804","10.0.0.6","10.0.0.1","TCP","90","12345  >  33262 [PSH, ACK] Seq=373 Ack=421 Win=85 Len=24 TSval=2029519034 TSecr=1296961381"
"200","12:47:29.952250181","10.0.0.1","10.0.0.6","TCP","66","33262  >  12345 [ACK] Seq=421 Ack=397 Win=83 Len=0 TSval=1296961381 TSecr=2029519034"
"201","12:47:32.172905032","10.0.0.1","10.0.0.6","TCP","70","33262  >  12345 [PSH, ACK] Seq=421 Ack=397 Win=83 Len=4 TSval=1296963602 TSecr=2029519034"
"202","12:47:32.172935214","10.0.0.6","10.0.0.1","TCP","66","12345  >  33262 [ACK] Seq=397 Ack=425 Win=85 Len=0 TSval=2029521255 TSecr=1296963602"
"203","12:47:32.172949448","10.0.0.1","10.0.0.6","TCP","70","33262  >  12345 [PSH, ACK] Seq=425 Ack=397 Win=83 Len=4 TSval=1296963602 TSecr=2029521255"
"204","12:47:32.172957706","10.0.0.6","10.0.0.1","TCP","66","12345  >  33262 [ACK] Seq=397 Ack=429 Win=85 Len=0 TSval=2029521255 TSecr=1296963602"
"205","12:47:32.172966974","10.0.0.1","10.0.0.6","TCP","67","33262  >  12345 [PSH, ACK] Seq=429 Ack=397 Win=83 Len=1 TSval=1296963602 TSecr=2029521255"
"206","12:47:32.172973025","10.0.0.6","10.0.0.1","TCP","66","12345  >  33262 [ACK] Seq=397 Ack=430 Win=85 Len=0 TSval=2029521255 TSecr=1296963602"
"207","12:47:32.172980467","10.0.0.1","10.0.0.6","TCP","92","33262  >  12345 [PSH, ACK] Seq=430 Ack=397 Win=83 Len=26 TSval=1296963602 TSecr=2029521255"
"208","12:47:32.172986430","10.0.0.6","10.0.0.1","TCP","66","12345  >  33262 [ACK] Seq=397 Ack=456 Win=85 Len=0 TSval=2029521255 TSecr=1296963602"
"209","12:47:34.391473955","10.0.0.6","10.0.0.1","TCP","70","12345  >  33262 [PSH, ACK] Seq=397 Ack=456 Win=85 Len=4 TSval=2029523473 TSecr=1296963602"
"210","12:47:34.391498235","10.0.0.1","10.0.0.6","TCP","66","33262  >  12345 [ACK] Seq=456 Ack=401 Win=83 Len=0 TSval=1296965820 TSecr=2029523473"
"211","12:47:34.391513664","10.0.0.6","10.0.0.1","TCP","70","12345  >  33262 [PSH, ACK] Seq=401 Ack=456 Win=85 Len=4 TSval=2029523473 TSecr=1296965820"
"212","12:47:34.391519630","10.0.0.1","10.0.0.6","TCP","66","33262  >  12345 [ACK] Seq=456 Ack=405 Win=83 Len=0 TSval=1296965820 TSecr=2029523473"
"213","12:47:34.391530632","10.0.0.6","10.0.0.1","TCP","67","12345  >  33262 [PSH, ACK] Seq=405 Ack=456 Win=85 Len=1 TSval=2029523473 TSecr=1296965820"
"214","12:47:34.391535167","10.0.0.1","10.0.0.6","TCP","66","33262  >  12345 [ACK] Seq=456 Ack=406 Win=83 Len=0 TSval=1296965820 TSecr=2029523473"
"215","12:47:34.391544784","10.0.0.6","10.0.0.1","TCP","90","12345  >  33262 [PSH, ACK] Seq=406 Ack=456 Win=85 Len=24 TSval=2029523473 TSecr=1296965820"
"216","12:47:34.391549061","10.0.0.1","10.0.0.6","TCP","66","33262  >  12345 [ACK] Seq=456 Ack=430 Win=83 Len=0 TSval=1296965820 TSecr=2029523473"
"217","12:47:36.611679083","10.0.0.1","10.0.0.6","TCP","70","33262  >  12345 [PSH, ACK] Seq=456 Ack=430 Win=83 Len=4 TSval=1296968040 TSecr=2029523473"
"218","12:47:36.611705901","10.0.0.6","10.0.0.1","TCP","66","12345  >  33262 [ACK] Seq=430 Ack=460 Win=85 Len=0 TSval=2029525693 TSecr=1296968040"
"219","12:47:36.611722077","10.0.0.1","10.0.0.6","TCP","70","33262  >  12345 [PSH, ACK] Seq=460 Ack=430 Win=83 Len=4 TSval=1296968040 TSecr=2029525693"
"220","12:47:36.611729980","10.0.0.6","10.0.0.1","TCP","66","12345  >  33262 [ACK] Seq=430 Ack=464 Win=85 Len=0 TSval=2029525693 TSecr=1296968040"
"221","12:47:36.611738488","10.0.0.1","10.0.0.6","TCP","67","33262  >  12345 [PSH, ACK] Seq=464 Ack=430 Win=83 Len=1 TSval=1296968040 TSecr=2029525693"
"222","12:47:36.611744848","10.0.0.6","10.0.0.1","TCP","66","12345  >  33262 [ACK] Seq=430 Ack=465 Win=85 Len=0 TSval=2029525693 TSecr=1296968040"
"223","12:47:36.611752060","10.0.0.1","10.0.0.6","TCP","92","33262  >  12345 [PSH, ACK] Seq=465 Ack=430 Win=83 Len=26 TSval=1296968040 TSecr=2029525693"
"224","12:47:36.611757992","10.0.0.6","10.0.0.1","TCP","66","12345  >  33262 [ACK] Seq=430 Ack=491 Win=85 Len=0 TSval=2029525693 TSecr=1296968040"
"225","12:47:38.831524661","10.0.0.6","10.0.0.1","TCP","70","12345  >  33262 [PSH, ACK] Seq=430 Ack=491 Win=85 Len=4 TSval=2029527913 TSecr=1296968040"
"226","12:47:38.831544197","10.0.0.1","10.0.0.6","TCP","66","33262  >  12345 [ACK] Seq=491 Ack=434 Win=83 Len=0 TSval=1296970260 TSecr=2029527913"
"227","12:47:38.831559831","10.0.0.6","10.0.0.1","TCP","70","12345  >  33262 [PSH, ACK] Seq=434 Ack=491 Win=85 Len=4 TSval=2029527913 TSecr=1296970260"
"228","12:47:38.831565868","10.0.0.1","10.0.0.6","TCP","66","33262  >  12345 [ACK] Seq=491 Ack=438 Win=83 Len=0 TSval=1296970260 TSecr=2029527913"
"229","12:47:38.831575191","10.0.0.6","10.0.0.1","TCP","67","12345  >  33262 [PSH, ACK] Seq=438 Ack=491 Win=85 Len=1 TSval=2029527913 TSecr=1296970260"
"230","12:47:38.831579656","10.0.0.1","10.0.0.6","TCP","66","33262  >  12345 [ACK] Seq=491 Ack=439 Win=83 Len=0 TSval=1296970260 TSecr=2029527913"
"231","12:47:38.831588553","10.0.0.6","10.0.0.1","TCP","90","12345  >  33262 [PSH, ACK] Seq=439 Ack=491 Win=85 Len=24 TSval=2029527913 TSecr=1296970260"
"232","12:47:38.831592788","10.0.0.1","10.0.0.6","TCP","66","33262  >  12345 [ACK] Seq=491 Ack=463 Win=83 Len=0 TSval=1296970260 TSecr=2029527913"
"233","12:47:41.039934596","10.0.0.1","10.0.0.6","TCP","70","33262  >  12345 [PSH, ACK] Seq=491 Ack=463 Win=83 Len=4 TSval=1296972469 TSecr=2029527913"
"234","12:47:41.039968490","10.0.0.6","10.0.0.1","TCP","66","12345  >  33262 [ACK] Seq=463 Ack=495 Win=85 Len=0 TSval=2029530122 TSecr=1296972469"
"235","12:47:41.039983867","10.0.0.1","10.0.0.6","TCP","70","33262  >  12345 [PSH, ACK] Seq=495 Ack=463 Win=83 Len=4 TSval=1296972469 TSecr=2029530122"
"236","12:47:41.039991558","10.0.0.6","10.0.0.1","TCP","66","12345  >  33262 [ACK] Seq=463 Ack=499 Win=85 Len=0 TSval=2029530122 TSecr=1296972469"
"237","12:47:41.040000092","10.0.0.1","10.0.0.6","TCP","67","33262  >  12345 [PSH, ACK] Seq=499 Ack=463 Win=83 Len=1 TSval=1296972469 TSecr=2029530122"
"238","12:47:41.040006345","10.0.0.6","10.0.0.1","TCP","66","12345  >  33262 [ACK] Seq=463 Ack=500 Win=85 Len=0 TSval=2029530122 TSecr=1296972469"
"239","12:47:41.040013572","10.0.0.1","10.0.0.6","TCP","92","33262  >  12345 [PSH, ACK] Seq=500 Ack=463 Win=83 Len=26 TSval=1296972469 TSecr=2029530122"
"240","12:47:41.040019431","10.0.0.6","10.0.0.1","TCP","66","12345  >  33262 [ACK] Seq=463 Ack=526 Win=85 Len=0 TSval=2029530122 TSecr=1296972469"
"241","12:47:43.263721457","10.0.0.6","10.0.0.1","TCP","70","12345  >  33262 [PSH, ACK] Seq=463 Ack=526 Win=85 Len=4 TSval=2029532345 TSecr=1296972469"
"242","12:47:43.263743530","10.0.0.1","10.0.0.6","TCP","66","33262  >  12345 [ACK] Seq=526 Ack=467 Win=83 Len=0 TSval=1296974692 TSecr=2029532345"
"243","12:47:43.263760484","10.0.0.6","10.0.0.1","TCP","70","12345  >  33262 [PSH, ACK] Seq=467 Ack=526 Win=85 Len=4 TSval=2029532345 TSecr=1296974692"
"244","12:47:43.263766393","10.0.0.1","10.0.0.6","TCP","66","33262  >  12345 [ACK] Seq=526 Ack=471 Win=83 Len=0 TSval=1296974692 TSecr=2029532345"
"245","12:47:43.263781367","10.0.0.6","10.0.0.1","TCP","67","12345  >  33262 [PSH, ACK] Seq=471 Ack=526 Win=85 Len=1 TSval=2029532345 TSecr=1296974692"
"246","12:47:43.263786147","10.0.0.1","10.0.0.6","TCP","66","33262  >  12345 [ACK] Seq=526 Ack=472 Win=83 Len=0 TSval=1296974692 TSecr=2029532345"
"247","12:47:43.263801343","10.0.0.6","10.0.0.1","TCP","90","12345  >  33262 [PSH, ACK] Seq=472 Ack=526 Win=85 Len=24 TSval=2029532345 TSecr=1296974692"
"248","12:47:43.263805547","10.0.0.1","10.0.0.6","TCP","66","33262  >  12345 [ACK] Seq=526 Ack=496 Win=83 Len=0 TSval=1296974692 TSecr=2029532345"
"249","12:47:45.489142355","10.0.0.1","10.0.0.6","TCP","70","33262  >  12345 [PSH, ACK] Seq=526 Ack=496 Win=83 Len=4 TSval=1296976918 TSecr=2029532345"
"250","12:47:45.489174520","10.0.0.6","10.0.0.1","TCP","66","12345  >  33262 [ACK] Seq=496 Ack=530 Win=85 Len=0 TSval=2029534571 TSecr=1296976918"
"251","12:47:45.489190714","10.0.0.1","10.0.0.6","TCP","70","33262  >  12345 [PSH, ACK] Seq=530 Ack=496 Win=83 Len=4 TSval=1296976918 TSecr=2029534571"
"252","12:47:45.489198999","10.0.0.6","10.0.0.1","TCP","66","12345  >  33262 [ACK] Seq=496 Ack=534 Win=85 Len=0 TSval=2029534571 TSecr=1296976918"
"253","12:47:45.489208089","10.0.0.1","10.0.0.6","TCP","67","33262  >  12345 [PSH, ACK] Seq=534 Ack=496 Win=83 Len=1 TSval=1296976918 TSecr=2029534571"
"254","12:47:45.489214921","10.0.0.6","10.0.0.1","TCP","66","12345  >  33262 [ACK] Seq=496 Ack=535 Win=85 Len=0 TSval=2029534571 TSecr=1296976918"
"255","12:47:45.489222209","10.0.0.1","10.0.0.6","TCP","92","33262  >  12345 [PSH, ACK] Seq=535 Ack=496 Win=83 Len=26 TSval=1296976918 TSecr=2029534571"
"256","12:47:45.489228115","10.0.0.6","10.0.0.1","TCP","66","12345  >  33262 [ACK] Seq=496 Ack=561 Win=85 Len=0 TSval=2029534571 TSecr=1296976918"
"257","12:47:47.708914195","10.0.0.6","10.0.0.1","TCP","70","12345  >  33262 [PSH, ACK] Seq=496 Ack=561 Win=85 Len=4 TSval=2029536791 TSecr=1296976918"
"258","12:47:47.708934204","10.0.0.1","10.0.0.6","TCP","66","33262  >  12345 [ACK] Seq=561 Ack=500 Win=83 Len=0 TSval=1296979138 TSecr=2029536791"
"259","12:47:47.708950617","10.0.0.6","10.0.0.1","TCP","70","12345  >  33262 [PSH, ACK] Seq=500 Ack=561 Win=85 Len=4 TSval=2029536791 TSecr=1296979138"
"260","12:47:47.708956641","10.0.0.1","10.0.0.6","TCP","66","33262  >  12345 [ACK] Seq=561 Ack=504 Win=83 Len=0 TSval=1296979138 TSecr=2029536791"
"261","12:47:47.708966451","10.0.0.6","10.0.0.1","TCP","67","12345  >  33262 [PSH, ACK] Seq=504 Ack=561 Win=85 Len=1 TSval=2029536791 TSecr=1296979138"
"262","12:47:47.708970869","10.0.0.1","10.0.0.6","TCP","66","33262  >  12345 [ACK] Seq=561 Ack=505 Win=83 Len=0 TSval=1296979138 TSecr=2029536791"
"263","12:47:47.708979376","10.0.0.6","10.0.0.1","TCP","90","12345  >  33262 [PSH, ACK] Seq=505 Ack=561 Win=85 Len=24 TSval=2029536791 TSecr=1296979138"
"264","12:47:47.708983779","10.0.0.1","10.0.0.6","TCP","66","33262  >  12345 [ACK] Seq=561 Ack=529 Win=83 Len=0 TSval=1296979138 TSecr=2029536791"
